,S_p,nu_p,alpha_thin,alpha_thick,RA_gleam,Dec_gleam
0,0.57758063,215.0,-1.0692909,1.547214,0.10489208,-12.728163
1,0.9131134,163.0,-0.51377785,2.327531,0.24855986,-75.2004
2,1.8740435,108.0,-0.7416402,0.85281193,0.35771447,-13.441781
3,0.6321264,134.0,-0.47730327,2.6214726,0.6438916,-5.3886375
4,1.474146,132.0,-0.76651,0.47790748,0.67569464,-50.41326
5,2.1337483,147.0,-0.32063124,1.8028636,0.7225003,-56.351986
6,1.5748881,101.0,-0.66810817,1.7944516,0.85437286,-67.02368
7,0.39385292,493.0,-0.3667311,0.57199234,0.91909,-29.59985
8,0.8837273,347.0,-0.35432437,0.20155956,0.9733197,-38.45197
9,0.41596004,165.0,-1.0161009,1.1394109,0.99767107,-27.101841
11,0.9117626,166.0,-0.4375749,2.220658,1.7043059,-52.99069
12,0.22673517,405.0,-0.71619755,0.7461405,1.9272381,-45.819427
13,1.3173797,130.0,-0.5693726,0.6174407,2.2749255,-20.94188
14,0.26015294,182.0,-1.0769508,0.42296422,2.2910113,-36.801945
15,1.6437188,153.0,-0.55541897,2.1775062,3.0854528,-41.154556
17,1.1839701,136.0,-0.59484637,1.5898932,3.4450104,26.775991
18,0.5504967,150.0,-0.21146782,2.5,3.8080878,-47.45191
20,0.8905688,141.0,-0.4761903,2.2577882,4.88395,-71.00564
22,0.2175965,209.0,-1.1299797,0.35627767,5.328043,-21.294477
23,1.7492623,142.0,-0.848716,1.00927,5.536938,-10.692564
24,1.0180911,136.0,-0.45708433,1.9616259,5.716565,-43.87173
25,0.8547413,139.0,-0.6605652,1.5605245,5.7571635,-29.691544
26,0.6899915,299.0,-0.87220025,0.5796773,5.9513865,11.612057
28,1.2605228,177.0,0.024942867,3.9370756,6.027022,-68.34864
29,17.47855,145.0,-0.5030658,0.6735229,6.454782,-26.0365
30,0.9758675,213.0,-0.9936588,1.2030277,6.5196824,-47.93806
31,0.61600816,129.0,-0.57806885,1.4046041,6.770223,-26.085524
32,0.25414142,276.0,-0.99212027,0.38986582,7.11003,-29.632452
33,0.6877564,187.0,-0.7942824,1.6530503,7.829526,-16.867441
34,0.97830576,655.0,-0.44671988,0.30375576,7.87006,16.543089
35,0.25555453,391.0,-0.4619329,0.8166477,7.93745,-40.698505
36,2.1111758,127.0,-0.767194,0.7077666,8.004237,-8.859217
38,4.0769086,111.0,-0.36273643,1.6938825,8.159141,19.897785
40,0.54594916,230.0,-0.59015954,1.5636425,8.243423,25.730371
41,0.9838264,133.0,-0.21984516,1.7476145,8.2606535,22.923538
42,0.24022934,205.0,-0.770988,1.8754777,8.464678,15.35966
44,0.6230104,133.0,-0.48635498,2.2680452,8.680587,1.5055666
45,0.49592417,300.0,-1.4454749,0.86816573,9.061454,-39.153404
46,1.2075053,548.0,-0.15739596,0.16438667,9.6240225,-21.332613
47,0.23411487,266.0,-0.56360036,2.6723514,9.856692,13.594048
48,0.25588718,209.0,-1.1010025,0.1752002,10.309306,-36.575783
49,0.4223562,321.0,-0.96404743,0.70685536,10.429017,-12.936887
50,0.4440253,130.0,-0.71242225,0.63307595,10.491669,-18.078827
52,0.86336696,353.0,-0.23955233,0.19797933,11.216177,-49.46273
53,0.82186353,149.0,-0.80292076,0.8555757,11.405454,-27.592976
55,0.17073007,204.0,-0.5494918,3.370767,11.628945,-44.34441
56,1.5969111,125.0,-0.61469764,1.471809,12.162834,-29.788393
57,0.47646043,159.0,-0.7063531,1.6806949,12.574969,-26.189829
58,0.24277014,297.0,-0.9125231,0.79976857,12.669536,-36.150917
59,0.3452461,217.0,-0.5252779,0.8764328,12.834181,-12.35549
60,1.6263585,104.0,-0.56985563,2.698705,12.866354,-59.607788
61,0.31371862,281.0,-0.18014948,2.1056867,13.143589,-59.90395
62,0.47714466,174.0,-0.8962191,0.8435973,13.37441,-19.427992
63,0.7638687,121.0,-0.47460866,2.818428,13.606704,-58.33006
64,0.4954734,114.0,-0.67876583,1.1935432,13.689163,-18.391592
65,0.25416175,267.0,-1.9516172,1.4153003,14.323245,-58.131065
67,0.6276713,500.0,-1.8733447,1.632798,14.512057,4.9789624
68,0.45026785,290.0,-1.54527,0.4012669,15.066784,-38.600357
70,1.0956062,355.0,-0.2526945,0.30505323,15.468409,-28.521671
71,0.26954743,171.0,-0.69643706,3.0791836,16.131443,-53.18544
72,1.9463788,281.0,-1.2733088,0.96997887,16.532732,-11.712978
73,0.75655806,359.0,-0.7986546,1.0751091,16.555033,-50.738865
74,0.5675037,134.0,-0.6026438,1.4369949,16.572353,-23.604206
75,0.6623646,146.0,-0.8386985,0.41234112,16.766035,-22.382578
76,0.17807648,217.0,-0.9246329,0.58035547,17.042768,-31.01361
77,5.017653,132.0,-0.83832943,0.6703565,17.158195,-28.85691
79,0.34228373,163.0,-1.0760275,0.429192,17.489897,-33.226757
80,2.8227744,265.0,-1.293866,0.6826793,17.525564,-36.85093
82,0.9017123,303.0,-0.6526693,0.7940342,17.694662,-67.46556
83,0.20869437,211.0,-0.6184033,1.0561552,17.747835,-4.9205728
85,0.46334344,314.0,-0.67371935,1.2111953,18.174522,-7.4148602
86,0.28646615,243.0,-0.7093289,0.3790408,18.943274,-16.49004
87,0.7326138,102.0,-0.8230094,0.83673924,19.060717,-4.8541746
88,0.9019069,129.0,-0.6085714,0.23712568,19.098562,-40.507862
89,14.088999,120.0,-0.7770605,0.49863562,19.213554,-20.86725
90,0.73147506,148.0,-0.44562623,0.65298,19.3657,-4.4181595
91,0.41320443,295.0,-0.80305815,0.26721588,19.453032,-21.183891
94,1.1212884,101.0,-0.6029521,0.05036515,19.73871,-7.3153825
96,0.4811901,180.0,-0.5572561,2.2506933,20.083323,-17.466364
97,1.8731179,521.0,-0.22348432,0.5517947,20.138262,22.943146
98,0.86916345,139.0,-0.43148747,3.156557,20.186087,-3.134639
99,1.0179956,215.0,-1.0192063,0.311326,20.310541,-18.455355
100,0.39293203,167.0,-0.735717,1.1113455,20.353977,-43.60639
101,0.5976937,540.0,-0.1942815,0.3955152,20.546001,14.989348
102,1.3295686,177.0,-0.7641934,0.9695142,20.62407,19.39388
104,0.46904898,463.0,-0.45781675,0.88496816,21.022545,-7.474935
105,0.4215543,150.0,-0.45136887,3.064046,21.193619,-17.461662
106,0.8425255,240.0,-0.8794098,0.35645804,21.307917,-37.313408
107,1.4582585,128.0,-0.41271964,1.00866,21.697718,-40.810314
108,0.30732486,311.0,-1.6716707,0.11942882,21.700163,-38.037766
110,0.42660037,140.0,-0.47541055,3.5794399,22.10217,-64.52555
111,0.23373464,459.0,-0.42207384,0.20108171,22.18084,-21.44498
112,3.8673806,106.0,-0.39458746,3.083119,22.597427,26.135088
114,0.8318742,196.0,-0.5583941,0.6978811,22.671988,-38.102936
115,0.5952951,155.0,-0.8608339,1.5241408,22.728708,-5.8959994
116,0.6931832,303.0,-0.7878079,0.59478205,22.801893,-12.183013
117,4.2949004,152.0,-1.077158,0.17703024,22.83144,4.259095
118,0.17354046,230.0,-0.80525887,1.0962704,22.88973,-34.550697
120,1.3591694,152.0,-0.26194176,2.4325633,23.180906,-16.912376
121,0.4880971,108.0,-0.54183877,2.9248114,23.21703,-35.285892
122,1.1009405,198.0,-1.3563902,0.20756704,23.337147,4.989055
123,0.5031164,214.0,-0.6647101,0.65838695,23.621115,-34.90497
124,0.8920465,850.0,-0.11875047,0.226825,23.905832,-20.145687
125,0.48448354,169.0,-0.4375538,1.7330366,23.916773,-67.87497
126,0.4249944,127.0,-0.37725532,3.6685622,24.029425,-41.371426
127,0.24489856,261.0,-1.2933321,0.28534183,24.658556,3.2152686
128,1.0053334,154.0,-1.0493567,0.6094608,24.83265,-12.794925
129,4.335661,124.0,-0.7887441,0.6326436,25.054224,-9.948584
130,0.23664448,250.0,-0.96687526,0.42238995,25.162151,-30.283808
131,1.0921907,118.0,-0.87247604,2.371175,25.47236,-54.56938
132,0.47450373,165.0,-0.21145469,3.4705462,26.308863,-21.63508
133,3.9279616,118.0,-1.0303472,0.21926421,26.719816,-1.956871
134,1.472138,739.0,-0.36508662,0.41290495,27.119823,10.470955
135,0.22959335,435.0,-1.1571054,0.76098156,27.214663,-38.657352
137,1.4821712,102.0,-0.90659916,0.08053774,27.27306,17.932346
139,0.70538926,539.0,-0.19042829,0.566356,27.79639,27.01603
140,0.17224453,254.0,-1.0786445,1.7406381,27.98765,-14.022077
141,0.34385148,286.0,-0.6927754,1.3750427,28.01586,2.5489535
142,2.4543583,108.0,-0.39139956,3.2663283,28.074184,22.11753
143,1.0073239,139.0,-1.0369428,1.0444896,28.569788,-16.76722
144,0.7260862,206.0,-0.4456499,1.8304055,28.690554,-23.497309
145,0.4632319,207.0,-0.93087876,0.35484025,28.92856,14.373464
146,2.442082,140.0,-0.78327835,0.48862094,29.012049,-5.0572014
147,0.21356492,283.0,-0.8162678,1.1664865,29.24732,-47.955067
148,0.45335227,323.0,-0.53428006,0.6058342,29.341766,-54.375538
149,1.2561765,120.0,-0.58476377,1.3636976,29.43166,-18.41624
150,0.5458443,417.0,-0.6787175,0.36792755,29.44156,11.466531
151,0.7376574,161.0,-0.52707225,0.08504374,29.947252,-19.036863
152,4.1701827,142.0,-0.56959087,2.4196188,29.966646,-74.515205
153,1.6499734,249.0,-0.71421796,0.26844236,30.030535,21.949812
154,1.8676009,116.0,-0.8258941,2.958601,30.212578,28.259169
155,1.0012128,122.0,-0.8261065,0.4834901,30.866123,-24.013023
156,1.2612039,267.0,-0.7872128,1.3849605,30.883705,-21.228376
157,0.31368938,253.0,-1.0605325,0.473219,31.03449,-47.82694
158,1.381365,152.0,-0.37858543,1.9893452,31.279955,-11.156307
159,0.66412216,217.0,-0.8007287,0.81386614,31.288607,8.408359
160,0.26479065,363.0,-0.8280441,0.32963365,31.44053,-65.831
161,0.41643214,415.0,-0.29629162,0.73447096,31.561512,-65.96045
162,0.46673882,191.0,-0.32460842,1.9077703,31.749039,-40.239677
163,1.943619,846.0,-0.053672716,0.806884,31.753738,12.546331
164,0.3887978,163.0,-1.4032967,0.6048673,31.87693,-60.92426
165,0.1712827,202.0,-0.9736823,2.5001569,32.228874,-13.470802
167,0.5772876,219.0,-0.53227174,1.9406952,32.48039,-51.39534
168,0.7349612,100.0,-0.57691556,1.5724965,32.640125,-17.560253
169,0.8135754,470.0,-1.0502247,1.0936897,32.653893,8.205258
170,0.57436854,469.0,-1.0371007,0.927106,32.804672,10.858222
171,0.30525923,178.0,-0.8724779,1.4399397,33.19541,-30.915041
172,2.8456354,101.0,-0.8936534,0.25917837,33.40054,5.7955923
173,0.3654912,147.0,-0.55173165,0.9510062,33.81976,-32.72718
174,0.39246222,120.0,-1.0182838,1.7062085,33.887306,-28.754251
175,2.2198513,263.0,-0.8360842,1.7427788,34.093876,-30.159258
176,0.8704842,363.0,-1.6078387,1.0896208,34.59621,4.602104
177,0.9507723,271.0,-0.31208223,2.2388341,34.923183,-68.105194
179,0.71750337,351.0,-0.91257185,0.9003221,35.288803,-0.43075225
180,0.2966841,171.0,-0.68211526,1.9121897,35.411957,-26.69094
181,0.20961091,255.0,-0.9450562,0.39004567,35.916862,-23.723547
182,0.4154893,193.0,-0.6247225,1.6516185,35.950935,-53.52087
183,1.5924608,114.0,-0.8197554,0.43762043,35.976818,-14.185934
184,0.38087162,362.0,-1.4557123,0.7499848,36.02844,-37.41483
185,1.6618012,113.0,-0.5784554,2.416749,36.37246,-24.353848
186,0.35315436,227.0,-0.94773024,1.0554198,36.68805,15.909393
187,0.72282845,450.0,-0.7231894,0.6815565,36.935013,-6.3517976
188,0.5818254,168.0,-1.2379657,0.5886515,36.95788,-21.349585
189,0.61655694,148.0,-0.25196955,2.2193146,37.157417,-52.24939
191,0.9913784,170.0,-0.23476286,2.3255227,37.315296,-61.00096
192,0.2774405,199.0,-1.0407157,0.45189518,37.604156,-29.524302
193,0.4030228,121.0,-0.6859382,2.835742,37.640194,-22.2675
194,0.7317244,114.0,-0.512796,1.7070998,37.70457,-43.020855
195,0.39275005,479.0,-0.40029806,0.28493434,37.879112,18.853043
196,1.187193,147.0,-0.96528006,1.6107614,37.95944,-55.633923
197,0.3324505,272.0,-0.56768614,3.512593,37.998936,-4.5646014
199,0.27192175,314.0,-0.34260687,3.6269495,38.819397,-1.014376
200,2.2101696,179.0,-0.51628244,1.5044242,39.081615,-37.758167
202,0.97309464,129.0,-0.49217477,0.008125961,40.16671,-37.019283
204,1.042166,143.0,-0.67918897,0.6007972,40.43796,12.885876
205,0.2939734,406.0,-1.4334694,0.5602145,40.45709,-14.975101
206,1.0951786,402.0,-1.3034086,0.8706356,40.504574,12.811049
207,0.7559065,126.0,-0.6170307,1.7828907,40.608074,-30.651503
208,0.4110688,203.0,-1.7221876,1.5205747,40.735138,21.249264
209,0.3560916,553.0,-0.06673337,0.87461215,40.767162,-10.006429
211,0.9201796,103.0,-0.61285377,0.0030880424,41.10541,-21.893585
212,0.91691136,215.0,-0.5070151,1.4601113,41.23037,-61.957775
213,0.48423404,452.0,-1.2325336,1.7202747,41.234173,-18.378988
214,2.2635183,145.0,-0.79962766,0.94102365,41.37647,-69.1281
215,0.45968968,232.0,-0.52708703,1.6502565,42.15877,-32.22688
216,0.38804236,426.0,-0.06667059,1.3075602,42.27091,-50.418846
217,0.36237514,435.0,-0.8263574,0.19550507,43.038303,15.121182
219,15.809629,244.0,-0.8068658,1.2529416,43.191196,-71.07633
220,1.1782172,126.0,-0.294052,2.315718,43.495407,-54.968212
224,1.6615349,348.0,-1.2960273,0.78919935,44.595356,1.4559427
225,0.87433237,275.0,-1.5014096,0.1477731,44.766117,4.2703
226,0.31911966,318.0,-1.0834042,1.3482476,44.855217,-11.435157
227,0.6431933,128.0,-0.50958127,1.8222697,45.11493,-49.98445
229,0.21361892,343.0,-0.39093265,1.6930181,45.45401,-55.995663
230,0.30252358,310.0,-0.93551475,0.5171468,45.653107,-10.475423
231,0.3316633,399.0,-1.5649776,0.9126849,45.76127,-20.561193
232,0.49446884,298.0,-1.1327188,1.1501224,45.78716,-6.582302
233,0.506607,281.0,-1.2218513,0.7795874,46.419277,-75.86144
234,0.23871884,454.0,-0.5136893,0.4055182,46.52502,-23.022228
236,0.68416405,108.0,-0.51948166,1.1910702,48.615364,-71.51046
237,0.57740235,516.0,-0.052802246,0.37002438,48.6586,-15.962693
238,0.7097009,298.0,-0.8803677,0.7245914,48.830452,-55.8461
239,0.22111428,241.0,-0.6746461,1.6269721,49.004784,-25.099546
240,7.872848,121.0,-0.7424704,1.3329092,49.044605,-68.35112
241,0.27732712,316.0,-0.5664761,1.9099569,49.142693,-9.811822
242,0.29726347,205.0,-0.9267888,2.737292,49.33283,-60.368767
243,0.62133235,177.0,-0.6309964,1.5840629,49.713875,16.220478
244,0.9750496,108.0,-0.66040164,2.4413779,49.814816,-62.56565
245,1.2753112,139.0,-0.62396,1.8793986,49.902466,-56.36951
246,0.6525936,179.0,-1.1128911,1.1885388,49.98173,-35.668297
247,1.4357477,154.0,-0.586213,0.43877694,50.028954,-62.78947
249,0.2611888,391.0,-1.2748083,0.7674304,50.183315,-39.890305
250,0.57055837,506.0,-1.9577096,0.8305591,50.341938,-21.226505
251,0.47268578,181.0,-0.6888697,1.7025721,50.531223,-58.137646
252,0.7516375,244.0,-0.62700844,0.5116506,50.65826,-48.3363
253,8.455284,944.0,-0.40089592,0.2672293,50.83499,5.570457
254,0.8558187,342.0,-1.0302312,1.5102271,51.234768,4.7799253
256,0.52390105,129.0,-0.5381622,2.2872443,51.368645,-24.012806
257,0.37799028,540.0,-0.25400776,0.44692326,51.611584,-29.159832
259,0.59669363,106.0,-0.519882,3.3826783,51.93435,-75.96526
260,1.0719161,379.0,-1.465139,0.6406273,51.977196,-37.485573
261,0.5404468,153.0,-0.8143279,1.3585297,52.151707,-20.360775
263,0.33384797,219.0,-0.81625724,1.449997,52.49812,-20.178772
264,0.27279484,383.0,-1.8927605,0.57359433,52.530487,12.081738
265,0.48295042,296.0,-0.22870652,3.4363704,52.596153,-7.681274
266,0.44755775,347.0,-1.2511917,0.74845845,52.912056,-49.15628
267,0.57122666,139.0,-0.573874,1.128214,53.031147,3.0910678
268,0.6222058,133.0,-0.6398185,2.0425653,53.107616,-53.32363
269,0.58142215,157.0,-0.8210073,1.3813021,53.204773,3.0967429
270,0.22644109,272.0,-1.3498683,0.25482136,53.939426,9.128939
271,6.740612,122.0,-0.64341265,1.1556674,54.111416,13.038832
272,0.5290879,165.0,-0.19602111,3.5637639,54.17723,-13.937836
273,0.85302156,447.0,-0.2981849,0.26834694,55.013443,-21.866877
274,0.5441032,140.0,-0.22436681,2.241611,55.338566,-59.902096
275,0.80856645,415.0,-0.92295086,1.5157491,55.50754,-32.93668
276,0.8731927,105.0,-0.62807894,1.2900655,55.576717,-63.245087
277,0.4736824,144.0,-0.8374104,1.9228046,56.440983,-55.78345
278,2.2884443,115.0,-0.6239793,1.1360561,56.520554,-65.82288
279,0.23722176,321.0,-1.5778099,0.8635262,56.85598,-33.67958
280,0.52894616,118.0,-0.95232975,2.182428,56.905506,-19.371578
281,1.114723,468.0,-1.280001,1.1560947,57.053886,17.101757
282,0.5570562,205.0,-0.23953724,2.12546,57.78575,-15.324993
283,0.6765314,155.0,-0.53647166,2.4910922,57.818142,1.3272489
284,0.46208683,240.0,-1.3084471,0.5518857,58.150707,-8.573065
285,0.97681224,724.0,-0.14761958,0.48790732,58.221165,17.90767
286,0.37768364,416.0,-0.5957799,0.86886764,58.38883,-13.891639
287,0.27165836,236.0,-0.48141596,1.5874324,58.619003,8.524217
289,0.8821675,145.0,-0.8022105,0.41976735,60.002964,-7.642441
290,0.3142577,213.0,-0.74631786,3.7358494,60.313522,15.987553
291,0.17298535,261.0,-1.6497879,1.2001308,60.324608,-35.913227
292,0.36667445,173.0,-0.71516114,1.1993624,60.381046,-70.915726
294,0.35389727,245.0,-1.415229,0.7288606,60.49179,-68.74803
295,0.9465821,369.0,-0.8033649,1.3801482,60.93361,-60.232048
297,0.18360382,279.0,-0.8546493,1.6209977,61.1459,-25.93265
298,2.7401242,121.0,-0.7372871,0.29750812,61.255753,16.172203
299,0.61810493,134.0,-0.85436654,1.7334521,61.2849,-56.735874
300,0.32308823,207.0,-0.43260655,3.7042954,61.29924,-69.387115
302,0.30154383,203.0,-0.4995663,1.9610722,61.83667,-56.039463
303,0.22895253,325.0,-1.0452039,1.3625879,62.059002,-45.577526
304,51.45231,225.0,-0.87245876,1.089006,62.085506,-65.74967
305,6.5407505,124.0,-0.65988487,0.5254332,62.278316,-17.95223
306,4.4253116,183.0,-1.0084596,0.5782181,62.5931,-52.54651
307,1.1284014,270.0,-1.8273698,0.3921127,62.668865,10.318362
308,0.7943036,427.0,-0.7819469,1.6272011,62.677868,-34.16497
309,0.95253676,138.0,-0.87735647,2.5855188,62.755077,-50.925594
311,0.5381953,195.0,-1.0415273,0.68517894,62.850838,-76.38012
312,0.2568444,210.0,-1.3171601,1.2143375,63.199287,-19.654497
313,0.6423952,147.0,-1.1673162,0.6187362,63.47026,1.9128704
314,2.996501,471.0,-0.74758804,1.0409948,63.657993,5.5766406
315,1.6068529,148.0,-1.2175598,0.66441983,64.02602,-58.403603
317,0.59425986,125.0,-0.45683047,0.066250354,64.44342,-39.962822
318,1.1413057,164.0,-0.95611215,0.798947,64.46152,-21.394485
319,0.3026978,196.0,-0.58414763,1.6592147,64.474976,3.7099247
320,0.49547094,357.0,-0.8152406,0.7373482,64.748024,-50.308178
321,0.16844292,266.0,-0.87967485,1.1387122,64.759415,-32.136795
322,0.581455,218.0,-0.76390636,1.6589324,64.896454,8.271985
323,0.72030926,114.0,-0.5350242,2.7440653,65.13334,-14.283757
324,0.2955625,379.0,-1.9168415,0.28274557,65.2565,-9.866625
325,0.25178787,202.0,-0.2798722,3.1332662,65.44667,-37.808884
326,0.22508973,205.0,-0.7379266,0.64485765,65.50884,-21.389225
327,0.42202815,160.0,-0.7120232,1.6852425,65.62922,-17.696966
328,1.3869432,425.0,-0.78396,1.3308824,66.25963,-24.858232
329,1.4494361,363.0,-0.874371,0.4854511,66.47288,-16.211105
330,1.6131738,520.0,-0.0066781566,0.47720486,66.72193,-52.25683
331,1.4102491,345.0,-0.29007554,2.3446658,66.7804,-13.049693
332,0.44158688,175.0,-0.751389,1.8592131,66.787544,-59.370316
333,1.3282279,114.0,-0.8389971,0.21485987,66.83503,-54.3723
334,3.5402489,154.0,-0.7513915,0.5187528,67.19455,21.558022
335,0.9795494,425.0,-2.2546527,0.9321126,67.59509,-53.305836
336,0.40115085,269.0,-0.4608378,3.343027,67.67213,-13.139359
337,1.4992813,165.0,-0.9335214,1.1138207,67.75066,-61.196445
338,0.40410733,534.0,-1.9328462,1.0506548,67.77186,-24.201698
339,0.5560674,284.0,-1.1664355,0.16784215,68.12575,-9.388128
340,0.18970075,204.0,-1.3411239,0.9568401,68.16856,-79.04875
341,2.8448381,348.0,-0.6668475,1.0616953,68.47915,-2.4992023
342,0.39600557,293.0,-0.44946772,3.4817872,68.84451,-13.440895
343,0.79911655,284.0,-1.2259641,0.50847673,68.94039,-12.100614
344,0.37339634,322.0,-0.78662866,0.9596157,69.25098,-56.798695
345,0.73650867,136.0,-0.6271234,2.0780826,69.44495,10.800989
346,2.1443224,211.0,-0.8405994,0.6185627,69.59109,-7.272211
347,1.4913329,102.0,-0.5462076,0.094084844,69.63189,-43.225807
348,0.6892027,285.0,-0.3212766,2.2440927,69.65939,-8.8062105
349,0.33853692,181.0,-0.6189299,1.3794589,69.69611,-5.320786
350,2.4328814,151.0,-0.75931215,0.76684743,70.05053,11.566341
352,1.6443452,137.0,-1.066054,0.0472157,70.113106,-45.22454
353,1.957754,231.0,-0.66120833,0.9138766,70.141,-42.488487
354,0.4338932,257.0,-0.89578485,3.5265307,70.40782,-43.027252
355,0.2648428,220.0,-0.7260209,0.67358845,70.4156,-27.121288
356,0.2234026,302.0,-1.4609983,1.1877918,71.033745,-43.25309
358,1.4246799,243.0,-0.76718086,0.26784405,71.16285,5.7726574
359,0.89065295,129.0,-0.65379673,2.7039888,71.30543,-22.14934
360,0.2225534,276.0,-1.283179,0.34117827,71.52343,-31.379536
361,0.5844998,250.0,-0.608411,1.4847913,71.72716,17.109468
362,4.473203,364.0,-0.9305437,1.0319085,71.90483,-22.059795
363,0.25836453,324.0,-0.5880409,1.4747869,72.577614,-32.345642
364,0.8305598,141.0,-1.2184,1.367009,72.621574,-51.344414
365,0.5948067,171.0,-0.7029068,0.27080566,72.968994,-50.991627
366,0.5464817,497.0,-0.9248067,0.7268916,73.06922,14.250424
367,0.42122415,151.0,-0.91482896,0.46415386,73.10975,-25.273577
368,0.3181029,198.0,-0.8512108,1.0287322,73.11729,-15.328022
370,0.5567631,154.0,-1.039335,0.11034351,74.03616,-39.61807
372,0.18541977,327.0,-0.5255368,1.5601652,74.40101,-29.232922
373,2.1649785,286.0,-0.31916472,0.2028675,74.701546,6.134267
374,0.3455474,328.0,-0.35266155,1.9985069,74.8786,-34.063984
375,0.56993383,253.0,-0.5991458,1.7162374,75.43879,13.933023
376,0.48972958,396.0,-1.0082414,0.47752348,75.51169,-58.2865
378,0.622845,273.0,-0.98228616,1.0931503,76.85519,-36.411777
379,0.55773854,253.0,-0.8935525,1.2927878,76.93945,-29.15649
380,0.48431742,454.0,-0.16026142,0.26346365,78.44469,-64.056015
381,1.1104611,107.0,-1.0503638,3.3974688,78.44808,0.92060584
382,0.8327743,448.0,-1.5645832,1.3578086,78.6671,5.8235455
383,0.702537,162.0,-1.137564,1.4321245,79.78247,10.84084
384,0.92196804,266.0,-1.1670805,0.3156836,79.89934,-34.587597
385,0.7491302,403.0,-0.8340031,0.6380296,80.12407,2.0723703
386,0.9930163,150.0,-0.5044332,2.6727965,80.191536,-42.828323
387,0.3878468,239.0,-1.8441354,0.34722152,80.21151,-35.96952
388,1.2158773,128.0,-0.41409838,0.7622625,80.572914,1.2235153
389,0.49118936,296.0,-1.4200388,1.235821,80.71578,-29.608206
390,1.5046529,120.0,-0.33708227,1.262986,80.89735,-51.641758
391,0.37077656,250.0,-1.5622689,2.2467008,80.90112,-36.412045
392,0.8028152,415.0,-0.56053364,0.101473205,80.947235,11.778328
393,0.26607704,404.0,-0.7848725,1.3013221,81.12163,-17.74921
394,0.4072659,482.0,-0.41413602,0.6141388,81.29522,-4.7387185
395,0.31409165,278.0,-0.75249696,0.92270124,81.47145,-44.370594
396,0.39669716,249.0,-1.397114,0.30447644,81.91773,-26.19787
398,1.0498581,345.0,-0.68534756,1.3311664,82.10353,-33.18459
399,0.2215035,256.0,-0.64669526,1.2133282,82.10971,-36.464592
400,0.22564304,227.0,-0.33414418,2.1104782,82.32417,-26.287544
401,0.5447345,503.0,-1.9385505,1.3817186,82.50282,-20.65728
402,0.4750255,351.0,-0.6702017,1.1632817,82.547226,-30.656109
404,0.27911305,299.0,-0.87112933,1.0123136,83.64894,-15.457482
405,0.5241942,210.0,-0.546856,1.6987913,83.96135,-77.81574
406,0.50313115,348.0,-1.3833975,0.3407345,83.96255,-1.4100624
407,1.5396199,235.0,-1.2786775,0.68641025,84.50477,-37.797268
408,0.33111602,206.0,-0.6503896,2.083117,84.78801,-29.859913
409,0.5570614,157.0,-0.553945,1.3051306,84.90581,-28.155886
410,1.0998722,131.0,-0.49199742,0.8579245,85.66396,-4.895643
411,0.2193948,263.0,-1.1229239,0.5855487,86.82725,-23.688429
412,3.142174,156.0,-1.2460912,1.2196137,86.86565,-7.109423
413,2.7245743,108.0,-0.6535952,0.9022717,87.00759,-6.2102513
414,0.8397077,130.0,-1.0322293,1.4932791,87.12337,-20.537863
415,0.538722,197.0,-1.1819749,0.97011596,87.38521,-75.297585
416,0.2558064,240.0,-0.5195461,2.7359445,87.84489,-75.98509
417,0.37295488,286.0,-0.86852866,1.5919896,87.882904,-15.47587
421,0.23889214,303.0,-0.25046536,2.9870856,88.22111,-22.419363
422,1.7689623,168.0,-0.75050443,0.48076558,88.53077,-59.742382
423,0.24516343,331.0,-1.4153068,0.6983999,89.665665,-13.978424
424,0.87811816,138.0,-0.5961457,0.74550587,90.278465,-14.67237
425,4.4668818,195.0,-0.8088824,0.9467758,90.78451,-79.57956
426,0.3981615,219.0,-0.33695188,1.4672502,90.809586,0.84722066
427,0.33993423,343.0,-0.9089727,0.6775454,91.10627,-42.425476
429,0.7194373,161.0,-1.0758513,0.1908236,91.53185,-34.793118
431,0.8291364,136.0,-0.7612196,0.30711186,92.07068,-24.074972
432,0.8419553,375.0,-1.4804765,0.6944067,93.85738,-13.93847
433,0.3041976,315.0,-0.63231385,1.9680825,93.884094,-19.68602
434,0.8727465,114.0,-1.471745,1.2136574,93.90984,-53.330627
436,0.26599747,485.0,-0.3673688,0.59276855,95.345825,-27.777903
437,0.1950144,200.0,-0.6226896,1.502901,95.44824,-11.112459
438,0.32360384,213.0,-1.4387212,0.58348054,95.621185,-44.80498
439,1.676142,101.0,-0.5278011,2.9970508,95.888794,-50.115208
440,0.25869858,357.0,-0.64925236,1.177862,97.362595,-33.919857
441,1.9623744,246.0,-0.875605,0.5043881,98.29237,-18.046843
442,0.312266,213.0,-1.3125339,1.4414383,98.774055,-36.068356
443,0.27117842,332.0,-0.98736715,0.6589286,99.513145,-61.71914
444,1.2336619,393.0,-0.2546563,0.14149581,99.77219,-26.523472
445,0.7172334,333.0,-1.3107347,0.24453202,99.94089,-41.224754
446,0.50124675,284.0,-0.4576571,1.8999485,100.03329,-19.158197
448,0.7052825,144.0,-0.46717358,2.708483,100.4126,-24.871447
449,0.5521282,147.0,-1.2369106,0.35242102,100.97823,-20.978409
450,0.594333,101.0,-0.73943317,2.385261,101.08894,-35.697517
451,1.3648397,139.0,-0.32742068,1.5807487,101.70258,-64.39555
452,0.62240833,228.0,-0.76869166,0.91312474,101.87582,-66.446495
453,0.34729987,344.0,-1.1645708,1.9477495,101.94496,-21.825634
454,1.1323057,165.0,-0.5779683,2.3655825,102.15736,-71.30748
455,4.1468377,311.0,-0.41664907,1.7022958,102.20284,-47.57394
456,0.87509143,133.0,-0.27182868,1.9449979,102.47227,-40.64134
457,1.05954,305.0,-1.4865242,0.32405162,102.63748,-67.80676
458,0.44895145,176.0,-1.0400586,0.92168474,103.11922,-25.833317
459,0.6649007,118.0,-0.6151092,2.6335888,103.25074,-41.717236
460,0.16527505,254.0,-0.40792626,2.137195,103.29457,-27.073673
462,0.8556781,136.0,-0.44612092,0.9308997,103.6058,-27.225376
463,0.21185593,329.0,-0.84251934,1.4497857,104.13753,-41.875336
464,0.4867051,204.0,-0.93544996,0.33546305,104.23378,-47.265106
465,0.29940143,299.0,-0.16896503,2.076267,104.26087,-40.339054
466,0.53143674,160.0,-0.4695269,2.2135308,104.46227,-50.681618
467,3.4547088,106.0,-0.91307837,1.0413224,104.90798,21.295237
468,0.7147835,426.0,-0.92797935,0.9349994,105.12332,19.093822
469,0.679844,145.0,-0.36580926,3.717255,105.36972,-58.117737
470,1.1367836,105.0,-0.8295398,1.9477048,105.91431,-53.938423
471,0.23708916,392.0,-0.68522197,0.9148518,106.93962,-30.556126
472,1.5198116,134.0,-0.3275702,3.1651309,108.80524,-66.46455
473,1.3134114,267.0,-0.6895695,1.3726293,110.09191,-68.35627
474,1.938399,394.0,-1.5942645,0.8404254,110.48366,-39.07228
475,1.0248561,645.0,-0.45481518,0.20076732,110.80511,10.023695
476,0.73859185,143.0,-0.60840136,2.5796351,110.95184,-63.533108
477,0.30244637,390.0,-1.5732381,1.2295406,111.31087,-57.338017
478,0.86364716,430.0,-1.3308505,1.5062233,112.13373,5.9910617
479,0.3470245,197.0,-0.6070896,2.9407904,113.23743,15.247297
480,1.4568644,268.0,-0.60563123,0.4808271,114.00024,23.683903
481,1.3869367,220.0,-0.3565479,3.2,115.54836,-67.55256
482,1.6294314,105.0,-1.25257,0.075499974,115.98975,-3.393756
483,0.6100593,472.0,-0.4152228,0.23483469,117.65305,12.703382
484,1.3579956,160.0,-0.4256666,2.3658328,117.92368,27.275381
485,0.85140514,255.0,-0.5460588,1.1661512,118.7281,-48.74144
487,0.6137335,152.0,-0.60656303,1.623865,120.39262,-5.082227
488,0.36910537,467.0,-1.0546825,0.69806147,120.91196,-8.089201
489,1.2115568,448.0,-2.2946458,0.38389918,121.59853,-62.757668
490,0.4172749,521.0,-1.9337485,0.83573633,122.2525,-3.1947024
491,0.9538449,120.0,-0.4204951,1.923262,122.38497,-70.70011
492,1.609479,358.0,-1.0122983,0.5251343,122.7721,4.338336
493,0.58770984,210.0,-0.47503823,1.0099602,123.78314,-68.219795
494,0.17650549,266.0,-1.0951829,1.4920235,124.09884,-65.88417
495,0.4064115,248.0,-1.1227145,2.269565,124.17042,-2.2963428
496,0.20941089,300.0,-1.6857864,0.8456932,124.24281,7.6003065
498,1.1988524,101.0,-1.0628321,0.536714,124.49673,-79.457466
499,0.7030772,195.0,-0.46920693,1.6644557,124.66354,7.700728
500,1.1034417,137.0,-1.9393903,0.0043960623,125.11584,-64.64516
502,0.16296318,209.0,-1.4518152,1.5328541,125.86337,20.661278
503,0.76886743,127.0,-0.38782358,2.361382,126.18478,-10.495683
504,0.41490927,294.0,-0.9382745,1.5779592,126.45862,13.93041
505,1.5276787,104.0,-1.0182004,0.7588498,126.90756,-17.005672
506,0.30800444,198.0,-1.0217911,1.6504577,127.00461,-14.829948
507,1.0731994,417.0,-0.36776248,2.1914914,127.06866,16.223654
508,0.22808026,249.0,-0.50220776,1.8113458,127.35841,1.1171514
509,1.308626,452.0,-0.3956577,0.86641747,127.58764,23.392344
510,0.75916827,475.0,-0.82483053,0.7354528,127.65834,-2.712266
511,0.9195566,125.0,-1.1947318,1.8354267,127.96906,8.854298
512,0.38149315,303.0,-0.93732774,1.6721815,128.23468,-61.325153
513,2.1766863,186.0,-0.99924564,0.6143133,128.58267,17.310648
515,0.20848143,337.0,-0.25860256,2.7190304,128.92429,-20.157204
516,3.6523101,502.0,-1.2459937,0.7124056,129.1624,-20.282177
517,10.908077,450.0,-0.32902572,0.4511891,129.29558,-19.864666
518,1.0929433,110.0,-0.9345528,1.1741381,129.3854,-1.1903833
519,0.2537087,433.0,-0.6379861,0.74923015,129.82445,8.223888
520,0.4,103.0,-1.5191332,0.03946705,130.1766,-58.959923
522,0.17786944,236.0,-0.99369293,0.5144035,131.04727,-65.14304
523,0.3381867,182.0,-0.76192504,1.3217517,131.08002,-9.276227
524,0.80901104,129.0,-0.49819788,2.7702596,131.51553,-12.436577
525,0.6310482,228.0,-0.73452705,1.6741911,131.61743,-9.8964405
528,0.6803924,506.0,-0.3100856,0.6315514,132.54387,7.800303
529,1.2576544,323.0,-0.9622344,0.56979156,132.71529,-25.669785
530,0.27326733,234.0,-0.73723185,0.8418222,132.8924,-7.1531367
531,0.5213348,272.0,-1.1608357,0.16832389,133.03229,-8.070171
532,0.22764407,212.0,-0.3654477,1.4214988,133.34885,9.463277
533,0.27866727,371.0,-0.9321267,1.1905998,133.71516,-78.54306
535,0.30085957,261.0,-0.47969082,1.5354075,133.76463,-17.825518
536,0.39803013,194.0,-0.8905299,0.9311334,134.02684,11.654864
537,1.2582091,422.0,-0.88119715,1.4328179,134.08446,-29.444107
538,0.6314104,509.0,-1.8757687,0.8854302,134.25505,19.645945
539,0.32733825,372.0,-0.8988583,1.2836721,134.3495,3.2153666
540,1.0237844,692.0,-0.38761032,0.16667257,134.65964,9.629828
541,1.2446334,405.0,-0.34660572,2.5757654,134.96121,28.420591
542,1.633235,139.0,-0.8773468,0.4215435,135.78069,-20.26431
543,1.2604984,246.0,-0.7729001,1.4856863,135.90518,12.511134
544,0.34468558,186.0,-1.4743025,0.8518658,135.93257,-17.997385
547,1.6885144,158.0,-1.0844964,0.4736958,136.48967,15.129486
549,0.45835847,139.0,-0.64369154,1.2113357,136.97964,-18.739353
550,0.74284285,195.0,-0.7453248,0.92096025,137.2171,17.55246
551,0.57669336,228.0,-0.46130916,2.2504163,137.43427,-16.074999
552,1.4516156,132.0,-0.6679555,0.58267444,137.60727,-7.02777
553,0.34004208,162.0,-0.8547983,1.7415355,138.38608,-17.203976
554,2.3073192,400.0,-1.2634355,1.4735044,139.31758,11.226538
555,4.5525765,109.0,-0.80760086,0.6199818,140.04712,17.889458
557,0.74499,160.0,-1.4020427,0.34562102,141.08289,-22.027807
558,0.23430528,208.0,-0.6977311,2.1208496,141.24464,-25.836521
559,0.5924948,122.0,-0.5865158,2.5106223,141.75348,-33.604385
560,0.32263538,291.0,-0.4260591,1.4483826,141.78485,-67.06931
562,0.54484457,244.0,-1.0670683,1.0152706,142.1179,-27.283731
564,1.3425626,120.0,-0.56480956,2.3957276,142.55707,1.8196993
565,0.7364037,191.0,-0.917431,0.62735724,142.85309,-33.251354
567,0.6007728,138.0,-0.7705437,2.03915,143.26833,-19.82609
568,0.58045816,112.0,-0.5721408,3.9628787,143.3981,-10.158983
570,0.9978741,254.0,-0.924628,0.82853675,143.56723,6.852816
572,0.98120064,193.0,-0.8143552,1.1041601,143.64157,19.662
573,2.606322,518.0,-1.1018287,0.8523552,143.79839,-28.341806
574,0.80783606,187.0,-0.58598626,2.0410447,143.87328,-69.62531
575,0.38561997,190.0,-0.39224955,1.1193031,144.03404,-12.740925
576,0.9183499,600.0,-0.67009455,1.1348258,144.15771,26.773186
577,1.6025862,121.0,-0.6205968,1.4173087,144.72624,-11.053357
578,0.69015616,390.0,-0.84672195,0.49159697,144.9368,3.0721002
579,0.8002188,420.0,-0.42199177,0.21123248,145.04353,-24.455746
580,0.6958941,106.0,-1.3969845,0.36992148,145.35863,-11.205688
581,1.1226298,132.0,-0.6589224,2.7369,145.61966,-15.262197
582,0.8767835,110.0,-0.90148735,0.9976017,145.7146,-36.68595
583,3.2070377,434.0,-0.2554702,1.6667148,145.90482,-8.325689
584,0.86648333,544.0,-0.53555244,1.344889,146.01877,24.06428
585,0.34588805,207.0,-0.5033486,1.1096344,146.019,-20.281595
586,0.62782913,127.0,-0.87786186,1.6663421,146.02036,-24.73036
587,0.5574562,107.0,-0.92309785,3.3872483,146.02301,-37.586693
589,0.1832242,279.0,-0.5903043,1.5450257,146.74246,-18.299604
590,0.52283126,632.0,-0.78687423,0.9701937,147.49371,22.63841
591,2.3769197,576.0,-2.233817,1.1246762,147.54366,24.567066
592,0.48565617,163.0,-0.59883153,1.0978101,147.54434,-38.070404
593,0.69547474,170.0,-0.4178083,1.7697018,147.63129,-21.04596
594,0.754319,470.0,-1.9481452,1.1744565,147.69292,9.768961
595,0.30753818,333.0,-1.3602582,0.2848622,149.22734,-17.21464
597,0.2758285,202.0,-0.58529884,0.8872765,149.41667,-35.80421
599,1.3587849,112.0,-0.3826601,2.3490705,150.1898,-22.996115
600,0.6364012,123.0,-0.65946364,0.74278647,150.49733,-35.216396
601,0.91706043,240.0,-0.5179012,3.7,150.73666,-35.699284
602,1.6656291,130.0,-1.2551904,0.17252119,150.96796,10.950136
603,0.27498716,326.0,-0.44276464,1.384136,151.02298,-32.113194
604,1.0414194,417.0,-2.9711812,1.1467451,151.05408,26.178278
605,0.5876136,392.0,-0.60117936,1.5409472,151.1591,-22.57728
607,0.916962,117.0,-0.5729786,1.8797807,151.40048,-1.6359049
608,4.4295,240.0,-0.83885884,0.5685862,151.4876,-41.81379
609,0.51928127,282.0,-0.7908155,1.2669141,151.51778,-74.16211
610,4.005109,110.0,-0.7973673,2.253272,151.53311,-41.251842
611,0.97861034,154.0,-0.63688016,1.5595368,151.5874,-71.22668
612,0.17235456,236.0,-0.7546603,2.2679858,151.63582,-71.04299
613,0.9734982,191.0,-0.8816833,1.1549089,151.65306,-38.968533
614,0.29168558,622.0,-0.8602076,0.3630705,151.9975,18.130938
615,0.722953,115.0,-0.7329082,2.953519,152.59291,-3.1557176
616,0.42094105,133.0,-0.728745,3.2533262,153.57574,-27.43134
617,0.7898382,183.0,-0.58453053,1.5989169,153.95462,2.7261705
619,0.39407662,487.0,-0.42636412,0.80186284,154.05394,-27.411669
620,0.777595,125.0,-0.90762,1.0560542,154.65103,-9.530882
621,0.26422364,319.0,-0.65637726,2.4803917,155.4679,12.698784
625,0.6877249,519.0,-0.29579648,0.3434431,155.89151,10.201114
627,0.613751,151.0,-0.4732226,1.2099336,156.15146,-41.5341
629,0.8012514,146.0,-1.2068603,0.90731305,157.32967,0.9560456
630,0.38047564,495.0,-0.51460093,0.24081331,157.54855,11.60641
631,1.2456155,105.0,-0.66402686,1.6277633,157.84668,-41.729805
632,0.29980943,130.0,-1.1672174,2.7433426,157.89256,-16.489155
633,0.3240011,199.0,-0.31447512,3.8820267,157.91467,-3.5105915
635,0.7026249,105.0,-0.5890383,1.0538588,158.56015,-36.111305
636,1.0029643,199.0,-0.854294,0.90385026,158.58702,-21.563965
637,1.0752536,387.0,-0.3503918,0.3111879,159.07704,-26.213743
638,0.6883436,175.0,-0.5548828,0.49849442,159.13321,-25.889124
639,1.3296336,167.0,-0.9060203,0.31137624,159.26894,15.763331
640,0.94717324,135.0,-1.015231,0.30667135,159.46654,-3.2128117
641,0.76138484,131.0,-0.6038577,0.8747413,159.5719,-18.01503
642,6.6816907,257.0,-0.75421286,1.1284614,159.61723,-70.052864
643,4.595483,141.0,-1.1432905,0.59185207,159.7009,-4.520856
645,2.0243142,142.0,-0.69076127,2.6565561,160.1747,-35.71753
646,0.16813356,219.0,-0.51543194,1.3367959,160.26419,-23.465506
647,0.6508574,268.0,-0.7077713,1.7086054,160.41476,-26.18202
648,0.28035295,387.0,-1.3366424,0.5346295,160.97612,-10.139627
649,0.4000085,162.0,-0.66281664,2.8503456,160.98358,-10.651363
650,0.9083203,102.0,-0.41352075,0.058159456,161.04248,-22.237926
651,0.48076442,177.0,-0.9497813,1.5144978,161.08212,5.635883
652,0.44345498,430.0,-1.7908623,0.40451577,161.14021,-32.55915
655,1.0775542,189.0,-1.0395646,1.2950991,161.61267,29.369238
656,1.6507982,163.0,-0.7922312,2.3853657,162.27046,19.696459
658,0.1974039,209.0,-0.9450122,3.566586,162.69131,-8.914891
659,0.778075,168.0,-0.49562082,1.589655,162.95665,-23.663149
661,2.2592323,336.0,-0.32032073,1.664308,163.10791,20.495956
662,0.6039958,276.0,-1.0916574,1.2098418,163.20755,-1.1065732
663,0.54487026,121.0,-0.56666017,2.0672865,163.6288,-33.529266
664,0.3022249,429.0,-1.318796,0.47330752,163.97585,-7.690557
665,0.6823345,459.0,-0.56315994,1.2143688,163.99788,22.537601
666,0.69580144,741.0,-0.27181,0.25462937,164.03842,-27.20685
667,0.2071559,294.0,-0.9578228,1.6371229,164.08533,-48.480885
668,0.8164821,109.0,-0.66941863,0.78075254,164.2424,-23.853909
669,1.4861447,188.0,-0.37741444,1.1719319,164.31616,0.2004814
672,2.2447824,129.0,-0.88387734,0.44511035,165.04832,4.732961
673,1.2889171,508.0,-1.5469819,0.68850225,165.16833,-0.5040837
674,0.68875474,151.0,-0.9481816,1.4994844,165.1856,-24.373175
676,2.456531,131.0,-0.9256109,0.40093035,165.8252,-39.455357
677,0.46342808,125.0,-1.2245725,1.4423826,166.01334,-2.2472575
678,0.5025249,131.0,-1.0724586,0.51984197,166.03514,-33.8019
679,2.3751123,329.0,-0.9550367,1.1461724,166.35876,20.87083
680,1.8711395,111.0,-0.75520456,1.9530168,166.45058,-13.523223
682,2.7287602,431.0,-0.27849275,0.41315427,167.03448,14.593502
684,0.86609143,561.0,-0.095175914,0.84981406,167.4376,5.72472
686,0.63355654,310.0,-0.45420492,1.6692258,167.4637,6.983059
687,0.77686936,511.0,-1.7536919,0.9287791,167.58499,21.528011
688,0.16968244,264.0,-0.99148095,2.1761184,167.62964,-6.2776427
689,0.67393637,237.0,-0.87215656,0.32442495,167.80215,-40.88726
690,0.17963186,246.0,-0.60081136,1.2112927,168.04291,-7.865538
691,0.17217243,255.0,-1.091252,0.4298404,168.04391,-22.99193
692,0.19794501,404.0,-0.80410755,0.6482967,168.08504,-9.5732355
693,0.21710058,246.0,-0.7190141,0.6012139,168.09055,-16.545362
694,1.0355247,128.0,-0.6766172,0.7476933,168.19444,-32.022457
695,2.7896967,111.0,-0.29283556,2.1087089,168.20784,-21.97454
696,0.8816546,123.0,-1.2208198,0.25008017,168.86063,-76.25714
697,0.4541583,195.0,-1.0456604,0.99481285,168.89893,-22.464804
698,0.5354075,565.0,-0.81252736,1.0983458,169.07658,23.122766
699,2.4187686,528.0,-1.5089417,1.6323107,169.7203,20.851212
700,0.27323318,297.0,-0.5687974,2.3884997,169.78578,-28.745857
702,2.627302,394.0,-0.82473856,0.38161877,170.03795,-25.135563
703,0.7349399,140.0,-0.65966684,2.0483673,170.21156,-19.366816
704,0.49083596,446.0,-0.7365707,0.835689,170.36617,-6.004238
705,0.24270004,222.0,-0.6357897,1.4014752,170.6331,-75.75624
706,0.2866599,403.0,-0.83993125,1.0693717,170.66232,-28.73165
707,0.9455855,471.0,-0.9526521,0.91554654,170.81934,-14.740369
708,0.60480094,468.0,-1.986174,0.64007664,171.07881,29.454021
709,0.44014427,159.0,-0.48957056,3.5432673,171.08774,-4.3126264
710,1.915174,173.0,-0.51018184,1.5911981,171.1828,19.324259
714,0.69064885,118.0,-0.56695294,3.022845,171.72363,-23.021177
715,0.5236973,232.0,-0.65668476,1.2759106,172.89551,10.994972
716,0.4612836,389.0,-0.6371157,0.47936925,173.07747,-74.420876
717,5.1558156,146.0,-1.3978758,0.9640847,173.38066,-27.255987
718,2.6803126,229.0,-0.59007365,1.2766241,173.80507,-0.35625046
719,0.2709759,402.0,-0.37631676,0.7676289,174.13763,-78.350685
721,0.34191442,283.0,-0.29471838,2.9847941,174.53673,-17.53411
722,0.78710294,412.0,-1.0987203,0.8562258,174.77216,1.1720761
723,0.6124351,171.0,-0.7171959,0.9017845,175.22832,1.8683417
724,3.13213,109.0,-0.7526333,1.1795125,175.40028,18.533663
725,0.80350673,171.0,-0.82731557,1.4194084,175.88327,-23.138073
726,0.3472186,313.0,-1.1339325,0.9597774,176.1422,2.9053733
728,0.254572,397.0,-0.6655951,1.7375014,177.08043,-31.737247
729,1.0571218,194.0,-0.7131547,1.334163,177.13762,-26.527365
730,0.53766745,141.0,-0.59000474,1.2198007,177.32022,-30.258638
731,0.46418557,300.0,-1.708275,0.59206754,177.38684,26.138834
732,0.4803992,228.0,-1.1645936,1.0940064,177.5101,-40.82484
733,1.3252791,182.0,-0.952472,0.33243302,177.71559,4.980951
734,0.9441429,155.0,-1.0253808,1.249283,177.97194,-13.434805
735,0.7379074,178.0,-1.5950984,1.3822905,177.99721,-30.227768
736,9.753462,274.0,-0.5856872,0.52334845,178.59093,-35.09055
737,0.79004204,130.0,-0.9936801,1.4935441,179.6215,-37.736794
739,0.86737424,294.0,-1.0114057,1.6042151,179.93733,1.1998761
741,0.24332653,290.0,-0.56722873,2.6854048,180.53954,-29.85926
743,1.1366369,134.0,-0.77634776,0.3883879,180.71779,12.121655
744,0.9615661,832.0,-0.18397734,0.22829676,180.88902,-26.468988
745,1.18412,289.0,-1.0384715,0.54519856,181.01427,5.7893143
746,1.4919642,645.0,-0.39240575,0.17589544,181.11179,11.48576
747,0.3875466,543.0,-0.13738194,0.7528964,181.26263,-28.430897
748,0.466449,319.0,-0.9408963,1.3573749,182.00774,-17.422834
749,1.1427875,548.0,-0.46667358,0.7275662,182.2335,25.373398
750,0.75186956,113.0,-1.3099412,2.0648067,182.8033,-3.4087589
752,0.7310717,499.0,-1.6911858,1.5301827,183.75162,8.49059
753,2.515866,122.0,-0.40145272,3.5116856,183.81175,17.500841
755,0.95488644,363.0,-0.5516958,0.103728615,184.55257,-9.877002
756,0.7874116,245.0,-1.4057361,0.26736143,185.14864,-29.927273
757,0.9310808,418.0,-0.56404555,2.1996765,185.7855,10.486231
758,0.9725478,159.0,-1.5374067,0.1617629,185.78467,-34.670723
759,0.49540308,123.0,-0.8413443,2.053498,186.1802,-11.384053
760,0.5028565,199.0,-1.0609607,0.92178714,186.46402,-51.595074
761,0.64574796,116.0,-0.8766531,1.2866986,186.8436,-23.85554
762,0.55711687,168.0,-0.7130862,2.6561828,186.92474,-20.992605
763,1.8899624,132.0,-0.31362364,0.004633222,187.38576,17.839287
764,0.9594079,364.0,-1.2645576,0.51388633,187.39235,16.034071
765,1.1372169,448.0,-1.6762582,0.46614128,187.8849,-38.411636
766,0.8720582,352.0,-0.8267072,1.402197,188.53061,-36.56132
767,0.2493112,242.0,-1.3116738,0.36844602,188.5489,-27.541193
768,0.55415815,150.0,-0.5257958,1.4239148,188.5738,-52.576557
769,0.6195137,279.0,-0.6668136,1.524546,188.62233,-39.857124
770,1.291358,124.0,-0.8181442,0.41194087,189.35498,-5.4656487
771,2.4958625,130.0,-0.6939022,0.4051997,189.6328,-50.921993
772,0.4372248,387.0,-1.0323685,0.55368584,189.98087,-21.280222
773,3.3448653,129.0,-0.7074593,0.6612303,190.10759,-17.288652
774,1.2726234,120.0,-1.3328317,0.07255225,190.17947,-31.951332
775,0.793,147.0,-1.074297,1.0887275,190.1997,-7.7197385
776,1.2999396,148.0,-0.6512643,1.7932873,190.55608,-12.746755
777,0.7323436,193.0,-0.7899688,0.76491,191.05188,-8.099977
778,0.36020595,325.0,-1.6158646,1.1462438,191.0882,-74.352486
780,2.0470836,103.0,-0.9255362,0.50602883,191.66156,13.184702
781,9.258233,728.0,-0.16333127,0.28609797,192.09996,-19.987753
782,0.22204189,249.0,-0.6390009,1.7628682,192.205,-31.025743
783,1.138152,393.0,-0.9903284,0.6677171,192.27205,-23.405365
784,0.54355407,197.0,-0.46208778,1.2580721,192.64366,-16.291327
785,0.7221233,203.0,-1.5807605,0.35862333,192.85635,-50.42172
786,0.8369427,288.0,-0.90572906,0.72981405,192.9208,-75.51075
787,0.81309897,151.0,-0.4028922,2.464554,193.01408,-4.110053
788,1.1548831,142.0,-1.5802346,0.13883153,193.14719,17.228142
789,0.5735372,157.0,-0.94624496,0.58048934,193.27832,-30.310587
790,1.0300007,324.0,-0.35443375,1.1201017,193.65971,11.684342
791,0.9507455,613.0,-0.022909762,0.73678917,193.74678,8.996183
792,0.60175735,543.0,-0.2026272,0.5512507,194.04756,-21.734753
794,2.9115434,102.0,-0.8557655,1.6068568,194.31206,-8.617614
795,0.65822434,116.0,-0.8117269,2.030704,194.69531,-8.245697
796,0.22108428,325.0,-0.77899253,1.8252704,195.87877,-9.394794
797,1.595513,130.0,-0.358058,2.818677,196.1415,-19.546333
798,1.3653065,121.0,-0.9991122,0.6403099,196.87111,-33.42225
799,0.29440713,303.0,-0.9169919,0.52813584,197.03062,-19.977291
800,0.82428855,447.0,-0.48839033,2.111536,197.85188,16.977438
802,1.4445146,145.0,-0.3754686,2.7011735,197.9898,18.660074
804,0.42599213,314.0,-0.8489154,0.97579575,199.14415,-10.994417
805,0.70796067,199.0,-0.509302,1.1001264,199.60255,-10.24544
806,3.1856544,142.0,-0.67644453,2.0324743,199.7687,-6.933755
807,0.6424451,143.0,-1.1530844,1.5023957,200.6263,-75.77908
809,0.5260838,261.0,-0.63250214,0.65530324,201.05093,-32.593666
810,0.6383837,265.0,-1.1762456,0.22360161,202.4147,-3.7808578
811,0.49041364,279.0,-0.74461913,0.35708904,203.51903,-11.838241
812,0.4535481,478.0,-0.4745711,0.50313574,203.74173,-16.723925
813,0.4035591,238.0,-0.6812123,0.9925738,203.75082,-17.118261
814,0.5335244,370.0,-0.55981016,0.549384,203.98636,-5.195791
815,0.25837913,297.0,-0.243832,3.8935535,204.09671,-4.8598256
816,6.6874747,138.0,-0.7934585,1.3196094,204.40714,-18.194132
819,3.180836,119.0,-0.72663826,1.0049692,205.52736,-12.427369
820,2.4222608,534.0,-0.062124006,0.6726313,206.46472,-30.250872
821,0.6504729,545.0,-0.17236903,0.47148284,206.5667,-22.053297
822,0.39551094,221.0,-0.6442422,0.5405529,207.06528,-17.130306
823,0.56190944,299.0,-0.8537226,0.60870564,207.19751,-25.08582
824,0.37526459,457.0,-0.6369024,0.31596953,207.34857,-10.3076
828,3.7778516,550.0,-0.40818745,0.21797985,208.23595,11.118691
829,0.73463666,139.0,-0.64684033,2.22555,209.34317,2.4827805
830,3.9272194,336.0,-0.80734193,1.0119188,209.47491,0.7756809
831,0.42901254,323.0,-0.9535013,0.2641558,210.04597,-15.688274
832,0.33636793,251.0,-0.88001245,1.1648545,210.90036,-3.8319674
833,0.39346474,234.0,-0.63464344,1.0474365,211.20335,-7.718834
834,0.557051,294.0,-0.5825605,1.7359989,211.79799,-8.6579
835,0.39792132,304.0,-1.7202193,2.271956,212.14635,12.408379
836,0.54919636,188.0,-1.2380329,0.32094786,212.32712,11.08682
837,0.62453425,369.0,-1.3836128,0.31724235,212.49208,-34.66139
838,0.7476742,367.0,-1.1862566,0.77870953,212.83632,-11.003071
839,0.8269806,129.0,-0.5803015,2.4267163,212.9863,6.0842314
840,0.6198681,133.0,-0.3271615,1.6086487,213.31293,-3.2075536
841,4.9939585,103.0,-0.7607462,2.108218,213.39647,-20.343674
842,1.732253,100.0,-1.0716261,0.32711238,213.76683,-9.918075
843,1.1608762,679.0,-0.23939481,0.609708,213.95486,-7.135137
844,2.5159523,371.0,-0.9763732,1.393567,213.9967,13.340277
845,2.8096435,149.0,-0.9910194,1.6127331,214.3192,-27.302448
846,0.29049978,200.0,-1.0528817,1.1342701,214.53589,-11.346767
847,1.1116122,117.0,-0.4888578,1.6822857,214.68442,-26.365322
848,0.37790573,195.0,-0.69226617,1.5601441,214.98361,-5.735895
849,0.891023,135.0,-0.67254555,0.09153391,215.20654,4.4639916
850,2.3282623,108.0,-0.5162421,0.45896026,215.87692,11.997987
852,1.1669382,389.0,-1.1864256,1.0318853,217.18732,-42.35258
853,1.28587,774.0,-0.06551936,0.5915036,217.26707,2.861941
855,1.1220574,112.0,-0.4374755,0.06012571,217.44054,-21.951935
856,0.28205124,214.0,-0.6804617,0.9644977,218.63466,-3.9111433
857,1.5671339,105.0,-0.78925353,0.18871798,218.81172,-27.233994
859,0.69349116,264.0,-0.79769766,1.2235866,221.0207,20.589783
860,3.1695564,160.0,-0.45131955,2.6,222.06288,-16.340218
861,1.0231335,133.0,-0.43610197,2.2252514,222.24324,2.8374064
862,0.2499823,294.0,-1.3915862,0.4308535,223.34387,-17.28084
863,1.5516982,350.0,-0.5793715,0.6274245,223.5098,-34.01454
864,0.99234724,485.0,-1.792633,1.2793118,223.74898,-24.9695
865,3.7787373,251.0,-0.784948,1.3417504,224.27664,-36.083305
866,5.4401,370.0,-0.8311051,1.0622435,225.39442,-39.310596
867,1.058251,303.0,-1.5521907,0.49756816,225.41116,13.413495
868,0.7128358,157.0,-1.329308,0.69751513,225.72742,-32.541374
870,0.3105449,206.0,-0.9322018,1.0375748,226.27896,2.4925566
872,3.7163618,122.0,-0.8053234,2.4733167,226.58298,9.582356
873,2.859865,128.0,-0.9029794,2.633866,227.31447,14.104342
874,2.086675,111.0,-0.4070739,1.1845493,227.67393,-24.865961
875,1.8593172,291.0,-0.066476256,3.8504195,228.41661,23.64085
876,0.22541259,295.0,-0.7092776,2.317126,228.41464,-11.907646
877,0.6348646,210.0,-1.5036865,0.74626154,228.48099,-18.018734
880,0.36956355,517.0,-1.7433074,0.9253106,229.31546,-5.451025
882,2.0448143,610.0,-0.6636251,0.37923005,229.6343,11.313252
883,0.9081451,291.0,-0.99850947,0.41096738,229.64993,10.536336
884,0.7253588,401.0,-0.82990706,0.67647165,229.93782,-11.862384
886,1.6361283,138.0,-1.3420717,0.12711136,230.44261,-19.341381
887,1.2314433,117.0,-0.76520556,2.541839,231.20738,-35.84504
888,4.9406443,107.0,-0.8467561,0.6981985,231.30183,-19.04734
890,5.510294,112.0,-0.4506086,3.1970341,231.45383,3.1403267
891,1.7432821,134.0,-0.91663325,1.5613637,231.50568,7.2569766
892,0.43277612,348.0,-0.39824563,1.2180642,231.67262,-10.848369
893,0.58576626,421.0,-0.66029924,1.1853848,232.51309,-16.802479
894,1.59228,123.0,-0.44572935,2.5667436,232.61848,5.9204025
895,0.5623593,400.0,-1.154138,1.2982087,233.20839,22.692574
896,0.42231596,395.0,-0.5665911,1.719563,233.48392,6.8822565
897,0.21958047,240.0,-0.3938567,1.4341898,234.62337,-19.855368
898,0.7677764,133.0,-0.79371196,2.0928435,234.89188,-75.78466
899,0.88583547,190.0,-1.0747596,1.6796094,235.12848,-9.679265
901,1.1351047,402.0,-1.0407991,0.7405521,235.91264,-27.548046
902,1.8845463,272.0,-0.56025213,1.730041,236.30817,-5.4806786
903,1.1676152,684.0,-0.3172941,0.3738543,236.35722,0.41305184
904,0.96424866,586.0,-0.029510649,0.8443825,236.42854,-40.98621
905,2.1486752,132.0,-0.6710994,1.4318321,237.03712,8.144183
906,0.7448197,141.0,-0.7892157,3.2438107,237.2194,13.349718
907,0.8999318,403.0,-1.6358633,0.7233012,238.34259,-68.9746
908,2.9307904,138.0,-0.55557954,0.77333313,239.05824,-6.3758845
909,0.8904954,256.0,-1.1904982,0.5214726,239.41066,10.209623
910,1.7639331,188.0,-1.3663638,1.2080985,239.50223,-11.706424
911,0.95015675,303.0,-0.7113073,0.51347476,239.75995,-35.518387
912,0.5501436,187.0,-0.30780646,2.0584295,239.85434,16.409336
914,1.2515082,102.0,-0.4644403,2.698702,240.54619,2.0864954
915,1.2946703,180.0,-0.7714622,0.47790024,240.95253,-1.6503628
916,0.8429074,457.0,-1.1929904,0.8478921,242.70439,-1.2290344
917,0.44700652,452.0,-0.48660073,0.29093796,242.7147,12.835997
918,0.8679231,150.0,-0.4168705,3.8046522,243.13458,-17.42579
919,0.5107169,456.0,-1.9826941,0.49353367,243.21489,-1.9277409
921,1.1410767,249.0,-0.42182532,2.2298,244.1784,-35.160107
922,0.300971,499.0,-0.32778388,0.42190057,244.33588,-25.623314
923,0.99065495,265.0,-1.0327152,0.7770012,244.78102,-9.664606
925,0.54867274,523.0,-0.43850055,0.7907307,245.05946,10.603318
926,1.2120192,407.0,-0.024693996,0.34491923,246.0775,-68.154045
927,0.7159758,176.0,-0.49330026,1.5600682,247.66925,9.397491
928,0.49066755,524.0,-0.20809494,0.64637643,247.80417,-17.234596
930,1.1386346,129.0,-0.5978273,0.086573884,248.41568,-73.36913
931,5.9406466,124.0,-1.5236504,0.041987184,248.70793,-22.368969
932,0.5964868,133.0,-1.5813051,0.6164937,249.4384,-19.521782
933,2.5142899,205.0,-0.98731804,0.7626473,249.64899,-12.048935
934,0.64174443,380.0,-2.63882,0.22523548,250.13142,-76.73653
935,4.2277775,112.0,-0.32612336,2.4542682,250.20026,12.33357
936,0.78243166,221.0,-0.826961,0.5965206,250.43771,-64.567856
937,0.8291651,534.0,-0.89247316,0.86759275,250.95001,-8.417505
938,1.0491459,470.0,-1.3434509,1.8440869,251.45125,-12.173151
939,2.2990253,103.0,-0.847764,0.7178918,251.52687,-75.70415
940,3.3475096,144.0,-0.21528694,2.9957933,251.87779,-10.7381
941,3.6303263,314.0,-0.7738213,0.43268594,251.92401,17.335655
943,0.6222975,215.0,-1.1387879,1.898034,253.58282,13.848083
944,0.98700315,115.0,-1.0263447,3.0334413,253.89108,17.585463
945,0.71207607,474.0,-0.46418765,0.7932725,255.30746,-19.153114
946,2.0437362,351.0,-1.4059244,0.93797475,255.48378,0.99553734
947,1.3724192,524.0,-0.16322689,0.7427763,255.85147,14.504289
948,0.7737473,114.0,-0.6606709,2.8440528,256.47485,-13.527626
949,1.5343543,273.0,-0.8566842,0.5221966,257.45374,6.752411
950,1.2897618,134.0,-0.8220595,0.9025278,258.1087,-16.481842
951,0.8723171,254.0,-0.39712137,1.2002885,258.39612,-2.9848015
952,1.3260366,757.0,-0.23438452,0.5701076,258.82132,6.219782
953,0.5153842,231.0,-0.9266434,1.365972,260.11957,-63.969143
954,0.37583545,243.0,-1.6452652,2.950534,261.6518,-16.302711
955,0.6146861,330.0,-1.073474,0.6036105,262.0426,-67.522026
957,0.6392431,235.0,-0.8533389,0.7303724,263.42004,-79.59991
958,1.6527063,309.0,-0.879235,1.4821125,263.56857,-64.35758
960,1.463201,664.0,-0.3667923,0.30798423,271.74042,15.722868
961,2.0451398,126.0,-1.2820086,1.8260458,272.40567,19.240114
962,0.62621206,191.0,-0.59368366,2.372646,273.24533,-74.993256
963,0.8553983,276.0,-1.1760813,0.7488991,273.6746,6.20511
964,36.910973,153.0,-0.4859366,1.4605652,274.8974,-63.762897
965,4.454087,102.0,-0.8918152,1.5853465,275.8806,-70.93445
966,1.080133,308.0,-0.20052779,2.3704617,276.57455,18.531248
967,30.726812,166.0,-0.899041,0.9786721,277.7471,-36.04145
968,1.1375622,182.0,-0.62204134,1.5742716,280.8525,-40.881805
969,1.2981397,150.0,-0.79393375,2.188694,284.1357,-49.16536
970,4.059767,192.0,-0.38324282,2.1812859,284.9939,-66.250854
971,1.0,125.0,-0.6357574,2.4468288,285.27234,-74.49118
972,1.7588109,119.0,-0.3994067,1.0038383,285.71634,-77.751884
973,0.8183815,298.0,-1.0093096,0.8673292,286.05338,-41.418167
974,0.9854854,213.0,-0.7326789,1.099545,286.15918,-72.8312
975,1.213875,281.0,-0.4046729,2.1106071,287.33868,-55.974403
976,0.54502624,235.0,-1.1074035,0.31249732,288.1126,-44.925686
978,1.9298873,116.0,-0.506044,1.4457912,288.46246,-46.623123
979,3.242392,103.0,-0.50544494,1.9295785,288.68848,-55.987915
980,1.05401,123.0,-0.61837626,0.004230458,289.5463,-9.516738
982,1.690521,127.0,-0.9741287,1.1481533,290.68124,-32.904877
983,1.2859815,172.0,-1.0842735,0.19066654,291.3797,-9.024843
986,1.8285847,141.0,-0.7344331,2.4101334,292.3298,-53.837337
987,0.50373113,394.0,-1.311939,0.38012287,292.39835,-34.4612
988,3.3164198,112.0,-0.5931643,4.0668917,292.9508,-36.11599
989,1.6624477,104.0,-0.9866196,0.06266991,293.05432,-4.5106564
990,0.8130092,325.0,-0.43681052,1.9107437,293.9893,-43.25083
991,0.3437842,312.0,-0.9383297,1.4173919,294.09616,-9.7353115
994,2.7167728,101.0,-0.7762902,2.400763,294.92923,-20.559374
995,0.9534942,432.0,-1.2549701,1.5972542,295.22968,-33.126698
996,1.0950541,143.0,-0.38596803,2.10885,295.2768,-67.52072
997,0.6769749,540.0,-0.35033256,0.3347784,295.65494,-16.509443
998,0.94770664,453.0,-1.9116614,1.6278167,296.11,-18.655334
999,1.2853254,185.0,-0.78628093,2.2041852,296.91656,-15.821177
1000,0.47537813,289.0,-1.4237307,0.9988474,298.15512,-14.420707
1001,1.0742588,427.0,-0.9156813,1.9942118,298.25876,-20.60816
1002,0.48802692,148.0,-0.7464778,2.812002,298.63855,-42.015236
1003,0.46054876,254.0,-1.0953343,0.23177889,298.81708,-2.9349513
1004,0.99447435,183.0,-1.0865731,1.4958721,299.9349,-14.865372
1005,0.39197338,206.0,-0.5688542,1.9725282,300.06876,5.3694105
1006,0.2364109,210.0,-0.33470842,1.0732628,300.09866,-14.158095
1007,0.9,106.0,1.5689205,0.041352656,300.45563,-9.762594
1008,3.7045553,106.0,-1.1871746,0.42523867,300.53647,-29.4601
1009,0.4816927,217.0,-0.67647725,1.07047,300.6798,-34.553684
1010,1.1505299,168.0,-1.1935687,0.58889204,300.83835,-27.30601
1011,1.414664,110.0,-0.70883805,1.0148107,300.9323,-71.40049
1012,6.16827,103.0,-0.43995872,3.7087579,301.53687,-2.3924062
1014,0.32497638,298.0,-1.0033683,2.1155381,302.1567,-32.158745
1015,1.0534544,671.0,-0.39213267,0.43407023,302.28168,-4.6467214
1016,1.1759152,139.0,-0.76511836,2.3074703,304.0139,-46.583958
1017,0.4278471,360.0,-1.605524,0.9081566,304.02042,-38.677498
1018,0.49780354,268.0,-1.172081,0.24746618,304.11258,-33.343765
1019,0.49914697,503.0,-0.12643799,0.3059077,304.97708,-37.47707
1020,1.2788155,285.0,-0.37760448,0.77724206,305.2572,-61.415615
1021,0.4045463,475.0,-1.1374419,0.97355783,305.45825,-36.291843
1022,2.772178,670.0,-0.032137737,1.3756346,305.57584,-20.116575
1023,1.2373465,192.0,-0.77693164,0.5809231,306.22144,-38.084667
1024,0.6176753,407.0,-1.0367833,0.50654614,306.41144,-24.552816
1026,2.9734082,153.0,-0.87531185,0.6849592,306.7419,17.335268
1027,1.8685454,284.0,-0.6041639,1.1328839,308.5253,-41.963795
1028,0.32997957,176.0,-0.40839624,1.172795,309.08878,-72.073654
1029,0.8574362,403.0,-0.9668951,0.83159435,309.3063,-0.18159643
1032,0.53016907,129.0,-1.0806789,1.2364469,310.67148,-36.54256
1033,0.9437503,132.0,-0.2102362,2.572714,310.80972,-51.070942
1034,0.69113433,147.0,-0.5711852,3.3078978,311.16327,-18.480556
1035,3.1837368,106.0,-1.1149768,0.38808265,311.62015,-4.846019
1036,2.1703892,102.0,-0.41679502,1.5193145,312.05484,-66.82057
1037,3.6136913,200.0,-1.0243568,1.1296682,312.17142,-25.450006
1038,1.6742628,110.0,-0.8942142,0.82294494,312.59146,-8.179689
1039,0.19449534,167.0,-0.587515,1.051478,312.72076,-22.523567
1040,0.16327375,230.0,-0.36147004,2.3993933,312.72116,-23.878584
1041,0.5043359,136.0,-0.55761975,2.1884406,312.88925,-17.598896
1042,0.77399504,467.0,-0.4712831,1.2576268,313.44226,6.4134307
1043,0.33773854,260.0,-1.0575974,0.27195886,313.4456,-26.529272
1044,1.0061759,314.0,-0.5547524,1.7437239,313.61465,-33.92311
1045,0.43784112,352.0,-0.5025815,2.5271838,314.2278,-38.95462
1046,1.0207199,123.0,-0.4207033,1.6388252,314.24573,-41.007347
1047,2.6762414,241.0,-0.69353014,0.9269627,314.6212,5.7237606
1048,0.7794553,426.0,-0.5928164,0.9118908,314.92245,-36.764885
1049,0.52907676,258.0,-1.0849693,1.5113323,315.31555,-63.90059
1050,1.4737581,272.0,-0.23194163,2.6691883,316.51584,-71.371635
1051,1.8249567,137.0,-0.9856472,1.1750072,317.00748,14.53634
1052,0.9106281,256.0,-1.1299464,0.49789834,317.1026,-14.994691
1053,0.55181766,420.0,-0.6943241,0.5685865,317.12164,-21.026484
1054,0.41524395,206.0,-0.2563143,2.2445457,317.7705,-48.92092
1055,0.6602248,401.0,-1.2030383,0.72944087,318.87897,-7.7294927
1056,2.5593777,214.0,-1.0707985,0.3448815,319.09366,-52.786465
1057,0.26114842,231.0,-0.13913584,2.0301588,319.24335,6.742051
1058,1.1590208,160.0,-0.6956706,4.1,319.95654,-34.660004
1059,0.3145018,478.0,-0.36912447,0.972844,320.0815,-27.606312
1060,0.91443646,357.0,-0.45175457,1.1822485,320.10883,-51.047527
1061,0.40515968,273.0,-1.0986083,0.1634369,320.24573,-34.05758
1062,2.2442515,143.0,-1.0126536,0.22738491,320.5322,-16.696444
1064,0.943899,263.0,-1.5929009,0.3786313,320.88034,-29.862799
1065,1.7532952,340.0,-0.6694398,0.70938975,320.91232,-1.2091246
1067,0.53665155,123.0,-0.8386973,1.045748,321.42212,-31.888912
1068,0.52128035,387.0,-1.1151586,0.385457,321.43243,-10.110656
1069,0.5525873,186.0,-0.67958057,1.4108862,321.43387,-60.79181
1070,0.56312495,289.0,-0.9410228,0.54464525,321.47937,-29.151634
1071,1.0927851,384.0,-0.8990711,2.1209736,321.97394,9.758283
1074,0.8840034,110.0,-0.39506063,5.0,322.60184,-43.80532
1078,0.6093999,117.0,-1.0909097,0.9018978,324.27087,-4.209387
1079,11.625123,117.0,-0.7176487,0.45060635,324.45844,-20.709461
1081,2.7819974,149.0,-0.5934291,0.23138055,324.50464,-46.777218
1082,0.24122383,307.0,-1.449348,0.31778336,324.88687,-40.015823
1083,0.7967957,121.0,-1.1830555,1.0762397,324.99286,-12.091002
1084,0.41595218,469.0,-0.21724816,0.41687167,325.029,-30.197823
1085,0.24754514,286.0,-1.1728809,0.6641872,325.13586,-21.666126
1086,3.2587056,174.0,-0.57652056,1.2973772,325.19922,14.634087
1087,0.46441835,161.0,-0.6455048,1.0306907,325.31134,-36.53982
1088,1.3103977,153.0,-1.1495042,0.48794472,325.48337,-11.708631
1089,0.53379995,157.0,-0.72798216,0.2979656,325.5075,-19.233322
1090,0.6540077,422.0,-0.25157574,0.59372836,326.08813,-41.44362
1091,0.25169486,237.0,-0.93629104,0.47063574,326.1827,-22.89596
1092,0.4695782,180.0,-0.5294741,2.078891,326.82278,-43.24521
1093,0.8492195,127.0,-0.79428446,0.44778162,326.9629,-31.584515
1094,1.8713298,220.0,-1.4512947,0.705907,327.14526,4.3625603
1095,0.46807146,276.0,-0.62820894,1.7518631,327.27188,-56.017437
1096,6.349976,190.0,-0.614616,1.0660616,327.59888,14.827724
1098,2.264751,106.0,-0.9100584,1.4446589,327.8445,-45.931816
1099,0.7588868,129.0,-1.2604514,1.5636972,328.20694,-34.56659
1100,1.2683196,286.0,-0.97719264,0.84441483,328.38223,-34.759174
1101,0.27280176,217.0,-1.6014894,1.0200899,328.6426,-38.62927
1102,0.552788,204.0,-0.37147102,1.0429688,328.6541,-41.14808
1103,0.73712856,375.0,-0.7114552,1.2614968,328.84982,-36.61339
1104,0.79528546,121.0,-0.7026695,1.5869763,329.15842,-56.905613
1106,2.2295272,438.0,-0.6311841,1.5766062,329.3719,-18.117136
1107,0.25256953,290.0,-0.16667193,3.3377225,329.89212,-43.210037
1108,1.6952808,175.0,-1.0160323,0.4323223,330.0535,-62.057125
1109,1.3008928,109.0,-0.91223466,0.05255104,330.55383,-12.046947
1110,0.41018435,472.0,-0.2992784,1.1053975,330.56754,-4.65605
1111,0.23544782,336.0,-0.6237062,1.9469439,330.5725,-20.295135
1113,1.9613947,158.0,-0.9578709,0.19411781,331.87122,-9.06969
1115,1.0418984,303.0,-0.21409887,0.18646318,332.2445,-68.10519
1117,1.4762735,279.0,-0.71022946,0.6261394,333.56976,-42.951458
1118,3.453597,211.0,-0.60064626,0.50242543,333.66132,-38.596165
1119,0.32944402,152.0,-1.8013057,0.018664965,333.713,-39.790833
1120,0.8002508,105.0,-1.1045588,0.9557359,333.90298,-48.317184
1121,1.0908939,328.0,-0.7116664,0.91343963,333.93958,-66.152565
1122,5.035123,164.0,-0.66498274,0.682012,334.23145,-45.362362
1123,0.2565655,201.0,-0.6475694,1.797009,334.46466,-12.281396
1124,0.8801683,146.0,-1.1653384,0.9026904,334.84576,-45.642548
1125,0.3042118,286.0,-0.6993222,0.50488436,334.88235,-20.804905
1126,9.298115,134.0,-0.88339335,0.8883391,334.92728,-27.940725
1127,2.7270267,124.0,-0.39937517,2.1916337,335.1569,-24.899218
1128,0.44140908,472.0,-1.9759685,0.759469,335.32614,-18.972488
1129,0.4246251,125.0,-0.6497744,0.01212219,335.9522,-30.95713
1130,0.4916535,130.0,-0.37902644,2.3629172,336.16928,-51.31013
1131,0.5102855,174.0,-1.23419,0.786354,336.27692,-7.5185466
1132,1.3748304,171.0,-1.0411793,0.94457585,336.93042,-27.084272
1133,12.01539,125.0,-1.125238,0.32900104,337.4451,-38.399624
1135,0.4663828,442.0,-0.13354017,0.46196795,338.10187,-61.884964
1136,1.4615432,219.0,-0.73568743,0.98560804,338.51205,-17.982162
1137,0.23492439,385.0,-1.8234737,0.6731521,338.79245,-49.905792
1139,0.3238289,196.0,-1.0310719,0.5892291,339.23532,-40.132477
1140,0.2910808,218.0,-1.2083424,0.8884834,339.33102,-77.34258
1142,1.8312856,166.0,-0.9278877,0.66886634,339.5921,-13.873672
1143,1.4198283,151.0,-0.7332142,2.2463892,339.89157,-45.23731
1144,1.3129929,119.0,-0.84443396,0.75624156,340.16824,-16.267754
1145,0.76501966,436.0,-1.568482,0.52082103,340.69852,-0.32707873
1146,0.75524515,390.0,-0.9873998,1.0955005,341.0356,-20.455376
1148,0.47652173,168.0,-0.6860591,1.704558,341.79507,-45.81135
1149,0.9954189,186.0,-0.6448964,0.47902194,342.00055,-5.687208
1150,0.7851852,255.0,-1.1825567,0.9244493,342.4459,-0.9468065
1151,3.0371099,157.0,-0.6840273,1.131035,342.72385,-12.081085
1152,0.40555546,186.0,-1.0622339,1.4399486,342.79538,-22.65998
1153,0.91060764,124.0,-0.34918198,0.06081782,342.88058,-18.802063
1154,0.3447648,186.0,-0.5899153,0.9325817,343.21066,-21.126583
1155,0.28503647,336.0,-0.29742607,0.20412417,343.2504,-31.357166
1156,0.40553874,160.0,-1.0092099,0.8713786,343.34775,-15.273932
1157,1.103637,177.0,-0.96951586,0.40241978,343.6306,-21.793434
1158,0.4246895,456.0,-0.020434335,0.72922826,344.0782,-53.109653
1159,0.4149297,397.0,-0.29189882,1.4538915,344.1721,-20.194712
1161,0.36298427,203.0,-0.4367495,1.3515393,344.4742,-18.08808
1162,0.49707085,123.0,-0.89803225,2.144788,344.64633,-37.910156
1166,1.0801474,108.0,-0.47220275,0.017525345,346.16525,-19.658556
1167,0.3849803,118.0,-1.0702169,1.5758331,346.32358,-27.968834
1168,0.43948555,453.0,-0.5740622,0.51319236,346.94806,-29.581799
1169,0.25542966,216.0,-0.57875335,1.8886464,347.15036,-17.350069
1170,0.5285835,366.0,-0.9402124,0.55381066,347.70047,-6.598092
1172,3.8615034,206.0,-1.0699358,0.4734776,347.82086,-10.647175
1173,0.59790146,135.0,-0.89244205,0.4723554,347.96725,-13.810498
1174,1.2395587,456.0,-1.4004107,1.1247852,348.1341,-13.450907
1175,3.5027282,158.0,-0.3592889,1.6135644,348.2329,-41.448666
1176,2.8733716,260.0,-0.40214947,0.8805794,348.36185,-53.722073
1177,0.27314183,368.0,-0.68126565,0.92941993,348.89273,-67.00165
1178,0.38987955,245.0,-0.3807517,2.4974263,349.47726,-71.451866
1179,2.1597512,101.0,-0.24878135,1.0650241,349.5409,-40.535057
1180,0.8923026,203.0,-1.0108811,0.7804044,350.0158,-9.691196
1181,1.0701836,148.0,-0.461088,2.1457865,350.28253,-52.93412
1182,0.40090293,212.0,-0.915706,1.208688,350.35632,-37.975674
1183,0.96079326,158.0,-0.5090969,0.06197877,350.8178,-26.667536
1184,0.36566296,253.0,-0.8589682,0.71428144,350.9309,-33.83958
1186,0.24306701,303.0,-0.5780488,1.2896813,351.26727,-39.160553
1187,0.17730653,344.0,-1.1181158,0.670594,351.57977,-31.990065
1188,2.7811716,100.0,-0.5308655,1.2826471,351.66986,-68.676414
1189,0.35400963,316.0,-0.31499526,2.2407408,352.32358,-54.22195
1191,0.27142993,245.0,-0.6398679,0.7747651,352.53506,-27.14501
1192,0.92501014,149.0,-0.59558743,1.333857,352.82187,-16.013626
1193,0.6884163,101.0,-1.3357896,0.87383235,352.99237,-46.175842
1194,4.8714833,112.0,-0.93783534,0.63443536,353.4309,-30.964752
1195,0.32187995,300.0,-1.7941192,2.7229629,353.63184,-58.94365
1197,0.63510925,147.0,-0.3342903,3.7335055,353.75882,-77.544876
1198,0.80292374,564.0,-0.25910455,0.28749692,353.81888,-61.690746
1199,0.46784827,247.0,-1.599162,0.4093883,354.11346,-32.72132
1200,0.34589815,491.0,-0.36756265,0.17666978,354.2016,-8.018591
1201,0.7536581,245.0,-0.28005078,1.6784934,354.33908,-50.555923
1202,3.4298344,228.0,-1.0587331,0.2042514,354.94476,-6.067637
1203,0.27473214,183.0,-0.39637867,3.6628366,355.43082,-61.381294
1204,2.2738192,176.0,-1.419581,0.6052951,355.80215,-48.11646
1205,0.52568024,331.0,-0.6524586,0.6136807,355.8727,-13.854761
1206,0.35147983,214.0,-0.9031673,0.3513627,356.65604,-52.90778
1208,1.3451399,100.0,-0.7544714,0.96692824,357.64456,-4.363861
1209,0.2525186,408.0,-0.9651146,0.5660695,357.6667,-26.673798
1210,0.7317276,191.0,-0.6038286,0.9054573,357.7697,-45.634064
1211,1.0195284,181.0,-0.5355796,2.0388007,357.81924,-60.32928
1212,1.0834877,361.0,-0.88126034,0.9425642,358.1058,-33.275215
1214,0.43023157,134.0,-0.78658926,0.6005249,358.9952,-25.983948
1215,0.20548876,240.0,-0.7629686,0.54387325,359.03958,-28.443752
1216,1.8026646,121.0,-1.0030946,0.24865411,359.1957,-8.596706
1217,0.43593943,297.0,-1.4708856,1.248129,359.4772,-39.02649
1218,0.42652237,253.0,-0.71251947,1.636564,359.49243,-66.93077
1219,0.28044108,207.0,-0.5465343,0.9772998,359.65704,-50.273453
1220,0.6931974,260.0,-0.69703865,0.8502359,359.7595,-8.366734
1221,0.23288284,393.0,-0.54954344,0.54875684,359.98352,-52.704414
